--------------------------------------------------------
--  파일이 생성됨 - 목요일-9월-21-2023   
--------------------------------------------------------
--------------------------------------------------------
--  DDL for Sequence SEQ2_ID
--------------------------------------------------------

   CREATE SEQUENCE  "EGOV_310_2"."SEQ2_ID"  MINVALUE 10000 MAXVALUE 9999999999 INCREMENT BY 1 START WITH 10011 NOCACHE  NOORDER  NOCYCLE ;
--------------------------------------------------------
--  DDL for Sequence SEQ_ID
--------------------------------------------------------

   CREATE SEQUENCE  "EGOV_310_2"."SEQ_ID"  MINVALUE 1 MAXVALUE 9999999999999999999999999999 INCREMENT BY 1 START WITH 10040 CACHE 20 NOORDER  NOCYCLE ;
--------------------------------------------------------
--  DDL for Table COMTECOPSEQ
--------------------------------------------------------

  CREATE TABLE "EGOV_310_2"."COMTECOPSEQ" 
   (	"TABLE_NAME" VARCHAR2(20 BYTE), 
	"NEXT_ID" NUMBER(30,0)
   ) SEGMENT CREATION IMMEDIATE 
  PCTFREE 10 PCTUSED 40 INITRANS 1 MAXTRANS 255 NOCOMPRESS LOGGING
  STORAGE(INITIAL 65536 NEXT 1048576 MINEXTENTS 1 MAXEXTENTS 2147483645
  PCTINCREASE 0 FREELISTS 1 FREELIST GROUPS 1 BUFFER_POOL DEFAULT FLASH_CACHE DEFAULT CELL_FLASH_CACHE DEFAULT)
  TABLESPACE "SYSTEM" ;
--------------------------------------------------------
--  DDL for Table COMTNFILE
--------------------------------------------------------

  CREATE TABLE "EGOV_310_2"."COMTNFILE" 
   (	"ATCH_FILE_ID" CHAR(20 BYTE), 
	"CREAT_DT" DATE, 
	"USE_AT" CHAR(1 BYTE)
   ) SEGMENT CREATION IMMEDIATE 
  PCTFREE 10 PCTUSED 40 INITRANS 1 MAXTRANS 255 NOCOMPRESS LOGGING
  STORAGE(INITIAL 65536 NEXT 1048576 MINEXTENTS 1 MAXEXTENTS 2147483645
  PCTINCREASE 0 FREELISTS 1 FREELIST GROUPS 1 BUFFER_POOL DEFAULT FLASH_CACHE DEFAULT CELL_FLASH_CACHE DEFAULT)
  TABLESPACE "SYSTEM" ;
--------------------------------------------------------
--  DDL for Table COMTNFILEDETAIL
--------------------------------------------------------

  CREATE TABLE "EGOV_310_2"."COMTNFILEDETAIL" 
   (	"ATCH_FILE_ID" CHAR(20 BYTE), 
	"FILE_SN" NUMBER(10,0), 
	"FILE_STRE_COURS" VARCHAR2(2000 BYTE), 
	"STRE_FILE_NM" VARCHAR2(255 BYTE), 
	"ORIGNL_FILE_NM" VARCHAR2(255 BYTE), 
	"FILE_EXTSN" VARCHAR2(20 BYTE), 
	"FILE_CN" CLOB, 
	"FILE_SIZE" NUMBER(8,0)
   ) SEGMENT CREATION IMMEDIATE 
  PCTFREE 10 PCTUSED 40 INITRANS 1 MAXTRANS 255 NOCOMPRESS LOGGING
  STORAGE(INITIAL 65536 NEXT 1048576 MINEXTENTS 1 MAXEXTENTS 2147483645
  PCTINCREASE 0 FREELISTS 1 FREELIST GROUPS 1 BUFFER_POOL DEFAULT FLASH_CACHE DEFAULT CELL_FLASH_CACHE DEFAULT)
  TABLESPACE "SYSTEM" 
 LOB ("FILE_CN") STORE AS BASICFILE (
  TABLESPACE "SYSTEM" ENABLE STORAGE IN ROW CHUNK 8192 RETENTION 
  NOCACHE LOGGING 
  STORAGE(INITIAL 65536 NEXT 1048576 MINEXTENTS 1 MAXEXTENTS 2147483645
  PCTINCREASE 0 FREELISTS 1 FREELIST GROUPS 1 BUFFER_POOL DEFAULT FLASH_CACHE DEFAULT CELL_FLASH_CACHE DEFAULT)) ;
--------------------------------------------------------
--  DDL for Table COMTNNOTE
--------------------------------------------------------

  CREATE TABLE "EGOV_310_2"."COMTNNOTE" 
   (	"NOTEID" VARCHAR2(100 BYTE), 
	"NOTETITLE" VARCHAR2(255 BYTE), 
	"NOTECONTENT" VARCHAR2(4000 BYTE), 
	"ATCHFILE" CHAR(20 BYTE), 
	"REGISTERID" VARCHAR2(100 BYTE), 
	"NOTEDATE" DATE, 
	"RECIEVEID" VARCHAR2(100 BYTE), 
	"READYN" NUMBER(1,0)
   ) SEGMENT CREATION IMMEDIATE 
  PCTFREE 10 PCTUSED 40 INITRANS 1 MAXTRANS 255 NOCOMPRESS LOGGING
  STORAGE(INITIAL 65536 NEXT 1048576 MINEXTENTS 1 MAXEXTENTS 2147483645
  PCTINCREASE 0 FREELISTS 1 FREELIST GROUPS 1 BUFFER_POOL DEFAULT FLASH_CACHE DEFAULT CELL_FLASH_CACHE DEFAULT)
  TABLESPACE "SYSTEM" ;

   COMMENT ON COLUMN "EGOV_310_2"."COMTNNOTE"."NOTEID" IS '쪽지 ID';
   COMMENT ON COLUMN "EGOV_310_2"."COMTNNOTE"."NOTETITLE" IS '쪽지 제목';
   COMMENT ON COLUMN "EGOV_310_2"."COMTNNOTE"."NOTECONTENT" IS '쪽지 내용';
   COMMENT ON COLUMN "EGOV_310_2"."COMTNNOTE"."ATCHFILE" IS '첨부파일';
   COMMENT ON COLUMN "EGOV_310_2"."COMTNNOTE"."REGISTERID" IS '쪽지등록 ID';
   COMMENT ON COLUMN "EGOV_310_2"."COMTNNOTE"."NOTEDATE" IS '보낸날짜';
   COMMENT ON COLUMN "EGOV_310_2"."COMTNNOTE"."RECIEVEID" IS '수신인 ID';
   COMMENT ON COLUMN "EGOV_310_2"."COMTNNOTE"."READYN" IS '읽음여부';
--------------------------------------------------------
--  DDL for Table FILEDB
--------------------------------------------------------

  CREATE TABLE "EGOV_310_2"."FILEDB" 
   (	"FILE_ID" VARCHAR2(100 BYTE), 
	"FILE_TITLE" VARCHAR2(100 BYTE), 
	"FILE_SIZE" VARCHAR2(100 BYTE), 
	"FILE_ORIGIN_NAME" VARCHAR2(100 BYTE), 
	"FILE_ENROLL_DATE" DATE, 
	"FILE_PATH" VARCHAR2(100 BYTE), 
	"IMAGE_HEIGHT" VARCHAR2(100 BYTE), 
	"IMAGE_WIDTH" VARCHAR2(100 BYTE), 
	"FILE_TYPE" VARCHAR2(100 BYTE), 
	"FILE_EXTENTION" VARCHAR2(20 BYTE), 
	"FILE_THUMNAIL_PATH" VARCHAR2(100 BYTE)
   ) SEGMENT CREATION IMMEDIATE 
  PCTFREE 10 PCTUSED 40 INITRANS 1 MAXTRANS 255 NOCOMPRESS LOGGING
  STORAGE(INITIAL 65536 NEXT 1048576 MINEXTENTS 1 MAXEXTENTS 2147483645
  PCTINCREASE 0 FREELISTS 1 FREELIST GROUPS 1 BUFFER_POOL DEFAULT FLASH_CACHE DEFAULT CELL_FLASH_CACHE DEFAULT)
  TABLESPACE "SYSTEM" ;

   COMMENT ON COLUMN "EGOV_310_2"."FILEDB"."FILE_ID" IS '파일 ID';
   COMMENT ON COLUMN "EGOV_310_2"."FILEDB"."FILE_TITLE" IS '파일 제목';
   COMMENT ON COLUMN "EGOV_310_2"."FILEDB"."FILE_SIZE" IS '파일 크기';
   COMMENT ON COLUMN "EGOV_310_2"."FILEDB"."FILE_ORIGIN_NAME" IS '파일 원래이름';
   COMMENT ON COLUMN "EGOV_310_2"."FILEDB"."FILE_ENROLL_DATE" IS '파일등록일시';
   COMMENT ON COLUMN "EGOV_310_2"."FILEDB"."FILE_PATH" IS '파일 경로';
   COMMENT ON COLUMN "EGOV_310_2"."FILEDB"."IMAGE_HEIGHT" IS '이미지 세로크기';
   COMMENT ON COLUMN "EGOV_310_2"."FILEDB"."IMAGE_WIDTH" IS '이미지 가로크기';
   COMMENT ON COLUMN "EGOV_310_2"."FILEDB"."FILE_TYPE" IS '파일타입(이미지, 문서여부) ';
   COMMENT ON COLUMN "EGOV_310_2"."FILEDB"."FILE_EXTENTION" IS '파일 확장자';
   COMMENT ON COLUMN "EGOV_310_2"."FILEDB"."FILE_THUMNAIL_PATH" IS '파일 썸네일 경로';
--------------------------------------------------------
--  DDL for Table IDS
--------------------------------------------------------

  CREATE TABLE "EGOV_310_2"."IDS" 
   (	"TABLE_NAME" VARCHAR2(16 BYTE), 
	"NEXT_ID" NUMBER(30,0)
   ) SEGMENT CREATION IMMEDIATE 
  PCTFREE 10 PCTUSED 40 INITRANS 1 MAXTRANS 255 NOCOMPRESS LOGGING
  STORAGE(INITIAL 65536 NEXT 1048576 MINEXTENTS 1 MAXEXTENTS 2147483645
  PCTINCREASE 0 FREELISTS 1 FREELIST GROUPS 1 BUFFER_POOL DEFAULT FLASH_CACHE DEFAULT CELL_FLASH_CACHE DEFAULT)
  TABLESPACE "SYSTEM" ;
--------------------------------------------------------
--  DDL for Table LOGINDB
--------------------------------------------------------

  CREATE TABLE "EGOV_310_2"."LOGINDB" 
   (	"LOGINID" VARCHAR2(100 BYTE), 
	"LOGINPW" VARCHAR2(100 BYTE), 
	"LOGINNAME" VARCHAR2(100 BYTE), 
	"UUID" VARCHAR2(100 BYTE)
   ) SEGMENT CREATION IMMEDIATE 
  PCTFREE 10 PCTUSED 40 INITRANS 1 MAXTRANS 255 NOCOMPRESS LOGGING
  STORAGE(INITIAL 65536 NEXT 1048576 MINEXTENTS 1 MAXEXTENTS 2147483645
  PCTINCREASE 0 FREELISTS 1 FREELIST GROUPS 1 BUFFER_POOL DEFAULT FLASH_CACHE DEFAULT CELL_FLASH_CACHE DEFAULT)
  TABLESPACE "SYSTEM" ;

   COMMENT ON COLUMN "EGOV_310_2"."LOGINDB"."UUID" IS '암호화된 pw';
--------------------------------------------------------
--  DDL for Table PERSISTENT_LOGINS
--------------------------------------------------------

  CREATE TABLE "EGOV_310_2"."PERSISTENT_LOGINS" 
   (	"USERNAME" VARCHAR2(64 BYTE), 
	"SERIES" VARCHAR2(64 BYTE), 
	"TOKEN" VARCHAR2(64 BYTE), 
	"LAST_USED" TIMESTAMP (6)
   ) SEGMENT CREATION IMMEDIATE 
  PCTFREE 10 PCTUSED 40 INITRANS 1 MAXTRANS 255 NOCOMPRESS LOGGING
  STORAGE(INITIAL 65536 NEXT 1048576 MINEXTENTS 1 MAXEXTENTS 2147483645
  PCTINCREASE 0 FREELISTS 1 FREELIST GROUPS 1 BUFFER_POOL DEFAULT FLASH_CACHE DEFAULT CELL_FLASH_CACHE DEFAULT)
  TABLESPACE "SYSTEM" ;
--------------------------------------------------------
--  DDL for Table POLLDB
--------------------------------------------------------

  CREATE TABLE "EGOV_310_2"."POLLDB" 
   (	"POLL_ID" VARCHAR2(20 BYTE), 
	"POLL_TITLE" VARCHAR2(100 BYTE), 
	"POLL_START_DATE" DATE, 
	"POLL_END_DATE" DATE, 
	"POLL_CATEGORY" VARCHAR2(100 BYTE), 
	"POLL_ITEM" VARCHAR2(100 BYTE), 
	"POLL_CNT" NUMBER, 
	"POLL_ENROLL_ID" VARCHAR2(100 BYTE)
   ) SEGMENT CREATION IMMEDIATE 
  PCTFREE 10 PCTUSED 40 INITRANS 1 MAXTRANS 255 NOCOMPRESS LOGGING
  STORAGE(INITIAL 65536 NEXT 1048576 MINEXTENTS 1 MAXEXTENTS 2147483645
  PCTINCREASE 0 FREELISTS 1 FREELIST GROUPS 1 BUFFER_POOL DEFAULT FLASH_CACHE DEFAULT CELL_FLASH_CACHE DEFAULT)
  TABLESPACE "SYSTEM" ;
--------------------------------------------------------
--  DDL for Table SAMPLE
--------------------------------------------------------

  CREATE TABLE "EGOV_310_2"."SAMPLE" 
   (	"ID" VARCHAR2(16 BYTE), 
	"NAME" VARCHAR2(50 BYTE), 
	"DESCRIPTION" VARCHAR2(100 BYTE), 
	"USE_YN" CHAR(1 BYTE), 
	"REG_USER" VARCHAR2(10 BYTE), 
	"FILE_TITLE" VARCHAR2(100 BYTE)
   ) SEGMENT CREATION IMMEDIATE 
  PCTFREE 10 PCTUSED 40 INITRANS 1 MAXTRANS 255 NOCOMPRESS LOGGING
  STORAGE(INITIAL 65536 NEXT 1048576 MINEXTENTS 1 MAXEXTENTS 2147483645
  PCTINCREASE 0 FREELISTS 1 FREELIST GROUPS 1 BUFFER_POOL DEFAULT FLASH_CACHE DEFAULT CELL_FLASH_CACHE DEFAULT)
  TABLESPACE "SYSTEM" ;
--------------------------------------------------------
--  DDL for Table TBL_MEMBER
--------------------------------------------------------

  CREATE TABLE "EGOV_310_2"."TBL_MEMBER" 
   (	"USERID" VARCHAR2(100 BYTE), 
	"USERPW" VARCHAR2(100 BYTE), 
	"USERNAME" VARCHAR2(100 BYTE), 
	"REGDATE" DATE, 
	"EMAIL" VARCHAR2(100 BYTE), 
	"TEL" VARCHAR2(100 BYTE), 
	"SNSID" VARCHAR2(200 BYTE)
   ) SEGMENT CREATION IMMEDIATE 
  PCTFREE 10 PCTUSED 40 INITRANS 1 MAXTRANS 255 NOCOMPRESS LOGGING
  STORAGE(INITIAL 65536 NEXT 1048576 MINEXTENTS 1 MAXEXTENTS 2147483645
  PCTINCREASE 0 FREELISTS 1 FREELIST GROUPS 1 BUFFER_POOL DEFAULT FLASH_CACHE DEFAULT CELL_FLASH_CACHE DEFAULT)
  TABLESPACE "SYSTEM" ;
--------------------------------------------------------
--  DDL for Table TB_USER
--------------------------------------------------------

  CREATE TABLE "EGOV_310_2"."TB_USER" 
   (	"USER_ID" VARCHAR2(100 BYTE), 
	"USER_PASSWORD" VARCHAR2(300 BYTE), 
	"USER_NAME" VARCHAR2(45 BYTE), 
	"USER_AUTHORITY" VARCHAR2(50 BYTE) DEFAULT 'ROLE_USER', 
	"USER_ENABLED" VARCHAR2(1 BYTE) DEFAULT '1'
   ) SEGMENT CREATION IMMEDIATE 
  PCTFREE 10 PCTUSED 40 INITRANS 1 MAXTRANS 255 NOCOMPRESS LOGGING
  STORAGE(INITIAL 65536 NEXT 1048576 MINEXTENTS 1 MAXEXTENTS 2147483645
  PCTINCREASE 0 FREELISTS 1 FREELIST GROUPS 1 BUFFER_POOL DEFAULT FLASH_CACHE DEFAULT CELL_FLASH_CACHE DEFAULT)
  TABLESPACE "SYSTEM" ;
--------------------------------------------------------
--  DDL for Table USERCONNECTION
--------------------------------------------------------

  CREATE TABLE "EGOV_310_2"."USERCONNECTION" 
   (	"USERID" VARCHAR2(255 BYTE), 
	"PROVIDERID" VARCHAR2(255 BYTE), 
	"PROVIDERUSERID" VARCHAR2(255 BYTE), 
	"RANK" NUMBER, 
	"DISPLAYNAME" VARCHAR2(255 BYTE), 
	"PROFILEURL" VARCHAR2(512 BYTE), 
	"IMAGEURL" VARCHAR2(512 BYTE), 
	"ACCESSTOKEN" VARCHAR2(255 BYTE), 
	"SECRET" VARCHAR2(255 BYTE), 
	"REFRESHTOKEN" VARCHAR2(255 BYTE), 
	"EXPIRETIME" NUMBER
   ) SEGMENT CREATION IMMEDIATE 
  PCTFREE 10 PCTUSED 40 INITRANS 1 MAXTRANS 255 NOCOMPRESS LOGGING
  STORAGE(INITIAL 65536 NEXT 1048576 MINEXTENTS 1 MAXEXTENTS 2147483645
  PCTINCREASE 0 FREELISTS 1 FREELIST GROUPS 1 BUFFER_POOL DEFAULT FLASH_CACHE DEFAULT CELL_FLASH_CACHE DEFAULT)
  TABLESPACE "SYSTEM" ;
REM INSERTING into EGOV_310_2.COMTECOPSEQ
SET DEFINE OFF;
Insert into EGOV_310_2.COMTECOPSEQ (TABLE_NAME,NEXT_ID) values ('ADBKUSER_ID',1);
Insert into EGOV_310_2.COMTECOPSEQ (TABLE_NAME,NEXT_ID) values ('ADBK_ID',1);
Insert into EGOV_310_2.COMTECOPSEQ (TABLE_NAME,NEXT_ID) values ('ADMINIST_WORD_ID',1);
Insert into EGOV_310_2.COMTECOPSEQ (TABLE_NAME,NEXT_ID) values ('ADMIN_CODE_OPERT',1);
Insert into EGOV_310_2.COMTECOPSEQ (TABLE_NAME,NEXT_ID) values ('ANN_ID',1);
Insert into EGOV_310_2.COMTECOPSEQ (TABLE_NAME,NEXT_ID) values ('BACKUP_OPERT_ID',1);
Insert into EGOV_310_2.COMTECOPSEQ (TABLE_NAME,NEXT_ID) values ('BACKUP_RESULT_ID',1);
Insert into EGOV_310_2.COMTECOPSEQ (TABLE_NAME,NEXT_ID) values ('BANNER_ID',1);
Insert into EGOV_310_2.COMTECOPSEQ (TABLE_NAME,NEXT_ID) values ('BATCH_OPERT_ID',1);
Insert into EGOV_310_2.COMTECOPSEQ (TABLE_NAME,NEXT_ID) values ('BATCH_RESULT_ID',1);
Insert into EGOV_310_2.COMTECOPSEQ (TABLE_NAME,NEXT_ID) values ('BATCH_SCHDUL_ID',1);
Insert into EGOV_310_2.COMTECOPSEQ (TABLE_NAME,NEXT_ID) values ('BBS_ID',11);
Insert into EGOV_310_2.COMTECOPSEQ (TABLE_NAME,NEXT_ID) values ('CLB_ID',1);
Insert into EGOV_310_2.COMTECOPSEQ (TABLE_NAME,NEXT_ID) values ('CMMNTY_ID',1);
Insert into EGOV_310_2.COMTECOPSEQ (TABLE_NAME,NEXT_ID) values ('CNSLT_ID',1);
Insert into EGOV_310_2.COMTECOPSEQ (TABLE_NAME,NEXT_ID) values ('CNTC_ID',1);
Insert into EGOV_310_2.COMTECOPSEQ (TABLE_NAME,NEXT_ID) values ('CNTC_MESSAGE_ID',1);
Insert into EGOV_310_2.COMTECOPSEQ (TABLE_NAME,NEXT_ID) values ('CNTNTS_ID',1);
Insert into EGOV_310_2.COMTECOPSEQ (TABLE_NAME,NEXT_ID) values ('COMTECOPSEQ',1);
Insert into EGOV_310_2.COMTECOPSEQ (TABLE_NAME,NEXT_ID) values ('CPYRHT_ID',1);
Insert into EGOV_310_2.COMTECOPSEQ (TABLE_NAME,NEXT_ID) values ('CTSNN_ID',1);
Insert into EGOV_310_2.COMTECOPSEQ (TABLE_NAME,NEXT_ID) values ('DAM_ID',1);
Insert into EGOV_310_2.COMTECOPSEQ (TABLE_NAME,NEXT_ID) values ('DB_MNTRNG_LOG_ID',1);
Insert into EGOV_310_2.COMTECOPSEQ (TABLE_NAME,NEXT_ID) values ('DEPT_JOB_BX_ID',1);
Insert into EGOV_310_2.COMTECOPSEQ (TABLE_NAME,NEXT_ID) values ('DEPT_JOB_ID',1);
Insert into EGOV_310_2.COMTECOPSEQ (TABLE_NAME,NEXT_ID) values ('DIARY_ID',1);
Insert into EGOV_310_2.COMTECOPSEQ (TABLE_NAME,NEXT_ID) values ('DUS_ID',1);
Insert into EGOV_310_2.COMTECOPSEQ (TABLE_NAME,NEXT_ID) values ('EVENTINFO_ID',1);
Insert into EGOV_310_2.COMTECOPSEQ (TABLE_NAME,NEXT_ID) values ('EVENT_ID',1);
Insert into EGOV_310_2.COMTECOPSEQ (TABLE_NAME,NEXT_ID) values ('EXTRLHRINFO_ID',1);
Insert into EGOV_310_2.COMTECOPSEQ (TABLE_NAME,NEXT_ID) values ('FAQ_ID',1);
Insert into EGOV_310_2.COMTECOPSEQ (TABLE_NAME,NEXT_ID) values ('FILESYS_LOGID',1);
Insert into EGOV_310_2.COMTECOPSEQ (TABLE_NAME,NEXT_ID) values ('FILESYS_MNTRNG',1);
Insert into EGOV_310_2.COMTECOPSEQ (TABLE_NAME,NEXT_ID) values ('FILE_ID',151);
Insert into EGOV_310_2.COMTECOPSEQ (TABLE_NAME,NEXT_ID) values ('GROUP_ID',1);
Insert into EGOV_310_2.COMTECOPSEQ (TABLE_NAME,NEXT_ID) values ('HPCM_ID',1);
Insert into EGOV_310_2.COMTECOPSEQ (TABLE_NAME,NEXT_ID) values ('HTTL_ID',1);
Insert into EGOV_310_2.COMTECOPSEQ (TABLE_NAME,NEXT_ID) values ('HTTP_ID',1);
Insert into EGOV_310_2.COMTECOPSEQ (TABLE_NAME,NEXT_ID) values ('INDVDL_INFO_ID',1);
Insert into EGOV_310_2.COMTECOPSEQ (TABLE_NAME,NEXT_ID) values ('INFRML_SANCTN',1);
Insert into EGOV_310_2.COMTECOPSEQ (TABLE_NAME,NEXT_ID) values ('INSTT_CODE_OPERT',1);
Insert into EGOV_310_2.COMTECOPSEQ (TABLE_NAME,NEXT_ID) values ('INSTT_ID',1);
Insert into EGOV_310_2.COMTECOPSEQ (TABLE_NAME,NEXT_ID) values ('ISG_ID',1);
Insert into EGOV_310_2.COMTECOPSEQ (TABLE_NAME,NEXT_ID) values ('ITEM_ID',1);
Insert into EGOV_310_2.COMTECOPSEQ (TABLE_NAME,NEXT_ID) values ('KNO_ID',1);
Insert into EGOV_310_2.COMTECOPSEQ (TABLE_NAME,NEXT_ID) values ('KNO_ID2',1);
Insert into EGOV_310_2.COMTECOPSEQ (TABLE_NAME,NEXT_ID) values ('LEADER_SCHDUL_ID',1);
Insert into EGOV_310_2.COMTECOPSEQ (TABLE_NAME,NEXT_ID) values ('LOGINLOG_ID',1);
Insert into EGOV_310_2.COMTECOPSEQ (TABLE_NAME,NEXT_ID) values ('LSI_ID',1);
Insert into EGOV_310_2.COMTECOPSEQ (TABLE_NAME,NEXT_ID) values ('MAILMSG_ID',1);
Insert into EGOV_310_2.COMTECOPSEQ (TABLE_NAME,NEXT_ID) values ('MEMO_REPRT',1);
Insert into EGOV_310_2.COMTECOPSEQ (TABLE_NAME,NEXT_ID) values ('MEMO_TODO_ID',1);
Insert into EGOV_310_2.COMTECOPSEQ (TABLE_NAME,NEXT_ID) values ('MSI_ID',1);
Insert into EGOV_310_2.COMTECOPSEQ (TABLE_NAME,NEXT_ID) values ('MTG_ID',1);
Insert into EGOV_310_2.COMTECOPSEQ (TABLE_NAME,NEXT_ID) values ('MTG_PLACE_ID',1);
Insert into EGOV_310_2.COMTECOPSEQ (TABLE_NAME,NEXT_ID) values ('NCRD_ID',1);
Insert into EGOV_310_2.COMTECOPSEQ (TABLE_NAME,NEXT_ID) values ('NEWS_ID',1);
Insert into EGOV_310_2.COMTECOPSEQ (TABLE_NAME,NEXT_ID) values ('NOTE_ID',11);
Insert into EGOV_310_2.COMTECOPSEQ (TABLE_NAME,NEXT_ID) values ('NOTE_RECPTN_ID',11);
Insert into EGOV_310_2.COMTECOPSEQ (TABLE_NAME,NEXT_ID) values ('NOTE_TRNSMIT_ID',11);
Insert into EGOV_310_2.COMTECOPSEQ (TABLE_NAME,NEXT_ID) values ('NTWRKSVC_LOGID',1);
Insert into EGOV_310_2.COMTECOPSEQ (TABLE_NAME,NEXT_ID) values ('NTWRK_ID',1);
Insert into EGOV_310_2.COMTECOPSEQ (TABLE_NAME,NEXT_ID) values ('ONLINE_MUL_ID',1);
Insert into EGOV_310_2.COMTECOPSEQ (TABLE_NAME,NEXT_ID) values ('POLL_IEM_ID',1);
Insert into EGOV_310_2.COMTECOPSEQ (TABLE_NAME,NEXT_ID) values ('POLL_MGR_ID',1);
Insert into EGOV_310_2.COMTECOPSEQ (TABLE_NAME,NEXT_ID) values ('POLL_RUT_ID',1);
Insert into EGOV_310_2.COMTECOPSEQ (TABLE_NAME,NEXT_ID) values ('POPUP_ID',1);
Insert into EGOV_310_2.COMTECOPSEQ (TABLE_NAME,NEXT_ID) values ('PROC_ID',1);
Insert into EGOV_310_2.COMTECOPSEQ (TABLE_NAME,NEXT_ID) values ('PROL_ID',1);
Insert into EGOV_310_2.COMTECOPSEQ (TABLE_NAME,NEXT_ID) values ('PROXYLOG_ID',1);
Insert into EGOV_310_2.COMTECOPSEQ (TABLE_NAME,NEXT_ID) values ('PROXYSVC_ID',1);
Insert into EGOV_310_2.COMTECOPSEQ (TABLE_NAME,NEXT_ID) values ('QA_ID',1);
Insert into EGOV_310_2.COMTECOPSEQ (TABLE_NAME,NEXT_ID) values ('QESITM_',1);
Insert into EGOV_310_2.COMTECOPSEQ (TABLE_NAME,NEXT_ID) values ('QESRSPNS_ID',1);
Insert into EGOV_310_2.COMTECOPSEQ (TABLE_NAME,NEXT_ID) values ('QESTNR_QESITM_ID',1);
Insert into EGOV_310_2.COMTECOPSEQ (TABLE_NAME,NEXT_ID) values ('QESTNR_RPD_ID',1);
Insert into EGOV_310_2.COMTECOPSEQ (TABLE_NAME,NEXT_ID) values ('QUSTNRQESTN_ID',1);
Insert into EGOV_310_2.COMTECOPSEQ (TABLE_NAME,NEXT_ID) values ('QUSTNRTMPLA_ID',1);
Insert into EGOV_310_2.COMTECOPSEQ (TABLE_NAME,NEXT_ID) values ('RECOMEND_SITE_ID',1);
Insert into EGOV_310_2.COMTECOPSEQ (TABLE_NAME,NEXT_ID) values ('RESTDE_ID',1);
Insert into EGOV_310_2.COMTECOPSEQ (TABLE_NAME,NEXT_ID) values ('RESVE_ID',1);
Insert into EGOV_310_2.COMTECOPSEQ (TABLE_NAME,NEXT_ID) values ('ROLE_ID',20);
Insert into EGOV_310_2.COMTECOPSEQ (TABLE_NAME,NEXT_ID) values ('RSS_ID',1);
Insert into EGOV_310_2.COMTECOPSEQ (TABLE_NAME,NEXT_ID) values ('RS_ID',1);
Insert into EGOV_310_2.COMTECOPSEQ (TABLE_NAME,NEXT_ID) values ('RWARD_ID',1);
Insert into EGOV_310_2.COMTECOPSEQ (TABLE_NAME,NEXT_ID) values ('SCHDUL_ID',1);
Insert into EGOV_310_2.COMTECOPSEQ (TABLE_NAME,NEXT_ID) values ('SCRAP_ID',1);
Insert into EGOV_310_2.COMTECOPSEQ (TABLE_NAME,NEXT_ID) values ('SERVER_ID',1);
Insert into EGOV_310_2.COMTECOPSEQ (TABLE_NAME,NEXT_ID) values ('SEVEQ_ID',1);
Insert into EGOV_310_2.COMTECOPSEQ (TABLE_NAME,NEXT_ID) values ('SITE_ID',1);
Insert into EGOV_310_2.COMTECOPSEQ (TABLE_NAME,NEXT_ID) values ('SMS_ID',1);
Insert into EGOV_310_2.COMTECOPSEQ (TABLE_NAME,NEXT_ID) values ('SRCHWRD_ID',1);
Insert into EGOV_310_2.COMTECOPSEQ (TABLE_NAME,NEXT_ID) values ('SRCHWRD_MANAGEID',2);
Insert into EGOV_310_2.COMTECOPSEQ (TABLE_NAME,NEXT_ID) values ('SRCHWRD_MANAGE_I',1);
Insert into EGOV_310_2.COMTECOPSEQ (TABLE_NAME,NEXT_ID) values ('SVCRESMONTLOG_ID',1);
Insert into EGOV_310_2.COMTECOPSEQ (TABLE_NAME,NEXT_ID) values ('SVC_ID',1);
Insert into EGOV_310_2.COMTECOPSEQ (TABLE_NAME,NEXT_ID) values ('SYNCHRNSERVER_ID',1);
Insert into EGOV_310_2.COMTECOPSEQ (TABLE_NAME,NEXT_ID) values ('SYSLOG_ID',471);
Insert into EGOV_310_2.COMTECOPSEQ (TABLE_NAME,NEXT_ID) values ('SYS_ID',1);
Insert into EGOV_310_2.COMTECOPSEQ (TABLE_NAME,NEXT_ID) values ('TEST1',1);
Insert into EGOV_310_2.COMTECOPSEQ (TABLE_NAME,NEXT_ID) values ('TMPLAT_ID',1);
Insert into EGOV_310_2.COMTECOPSEQ (TABLE_NAME,NEXT_ID) values ('TROBL_ID',1);
Insert into EGOV_310_2.COMTECOPSEQ (TABLE_NAME,NEXT_ID) values ('TRSMRCVLOG_ID',1);
Insert into EGOV_310_2.COMTECOPSEQ (TABLE_NAME,NEXT_ID) values ('TR_MNTRNG_LOG_ID',1);
Insert into EGOV_310_2.COMTECOPSEQ (TABLE_NAME,NEXT_ID) values ('UNITY_LINK_ID',1);
Insert into EGOV_310_2.COMTECOPSEQ (TABLE_NAME,NEXT_ID) values ('USE_STPLAT_ID',3);
Insert into EGOV_310_2.COMTECOPSEQ (TABLE_NAME,NEXT_ID) values ('USRCNFRM_ID',13);
Insert into EGOV_310_2.COMTECOPSEQ (TABLE_NAME,NEXT_ID) values ('WEBLOG_ID',421);
Insert into EGOV_310_2.COMTECOPSEQ (TABLE_NAME,NEXT_ID) values ('WIKI_ID',1);
Insert into EGOV_310_2.COMTECOPSEQ (TABLE_NAME,NEXT_ID) values ('WIKMNTHNG_REPRT',1);
Insert into EGOV_310_2.COMTECOPSEQ (TABLE_NAME,NEXT_ID) values ('WORD_ID',1);
Insert into EGOV_310_2.COMTECOPSEQ (TABLE_NAME,NEXT_ID) values ('NTT_ID',11);
Insert into EGOV_310_2.COMTECOPSEQ (TABLE_NAME,NEXT_ID) values ('ORGNZT_ID',1);
Insert into EGOV_310_2.COMTECOPSEQ (TABLE_NAME,NEXT_ID) values ('ANSWER_NO',1);
Insert into EGOV_310_2.COMTECOPSEQ (TABLE_NAME,NEXT_ID) values ('STSFDG_NO',1);
Insert into EGOV_310_2.COMTECOPSEQ (TABLE_NAME,NEXT_ID) values ('ROUGHMAP_ID',1);
Insert into EGOV_310_2.COMTECOPSEQ (TABLE_NAME,NEXT_ID) values ('WRKTM_ID',11);
Insert into EGOV_310_2.COMTECOPSEQ (TABLE_NAME,NEXT_ID) values ('PRIVACYLOG_ID',40);
Insert into EGOV_310_2.COMTECOPSEQ (TABLE_NAME,NEXT_ID) values ('BLOG_ID',10);
REM INSERTING into EGOV_310_2.COMTNFILE
SET DEFINE OFF;
Insert into EGOV_310_2.COMTNFILE (ATCH_FILE_ID,CREAT_DT,USE_AT) values ('FILE_000000000000101',to_date('23/04/22','RR/MM/DD'),'Y');
Insert into EGOV_310_2.COMTNFILE (ATCH_FILE_ID,CREAT_DT,USE_AT) values ('FILE_000000000000131',to_date('23/04/24','RR/MM/DD'),'Y');
Insert into EGOV_310_2.COMTNFILE (ATCH_FILE_ID,CREAT_DT,USE_AT) values ('FILE_000000000000121',to_date('23/04/24','RR/MM/DD'),'Y');
Insert into EGOV_310_2.COMTNFILE (ATCH_FILE_ID,CREAT_DT,USE_AT) values ('FILE_000000000000122',to_date('23/04/24','RR/MM/DD'),'Y');
Insert into EGOV_310_2.COMTNFILE (ATCH_FILE_ID,CREAT_DT,USE_AT) values ('FILE_000000000000141',to_date('23/04/25','RR/MM/DD'),'Y');
REM INSERTING into EGOV_310_2.COMTNFILEDETAIL
SET DEFINE OFF;
Insert into EGOV_310_2.COMTNFILEDETAIL (ATCH_FILE_ID,FILE_SN,FILE_STRE_COURS,STRE_FILE_NM,ORIGNL_FILE_NM,FILE_EXTSN,FILE_SIZE) values ('FILE_000000000000122',0,'C:/egovframework/upload/','upfile_202304251107345620','1331.jpg','jpg',3816);
Insert into EGOV_310_2.COMTNFILEDETAIL (ATCH_FILE_ID,FILE_SN,FILE_STRE_COURS,STRE_FILE_NM,ORIGNL_FILE_NM,FILE_EXTSN,FILE_SIZE) values ('FILE_000000000000141',0,'C:/egovframework/upload/','upfile_202304251110148260','JEUS_5_EJB_Guide.doc','doc',4289536);
Insert into EGOV_310_2.COMTNFILEDETAIL (ATCH_FILE_ID,FILE_SN,FILE_STRE_COURS,STRE_FILE_NM,ORIGNL_FILE_NM,FILE_EXTSN,FILE_SIZE) values ('FILE_000000000000101',0,'C:/egovframework/upload/','upfile_202304251119305570','스포티지 (1).jpg','jpg',377244);
Insert into EGOV_310_2.COMTNFILEDETAIL (ATCH_FILE_ID,FILE_SN,FILE_STRE_COURS,STRE_FILE_NM,ORIGNL_FILE_NM,FILE_EXTSN,FILE_SIZE) values ('FILE_000000000000131',0,'C:/egovframework/upload/','upfile_202304251106436580','페라리.jpg','jpg',50594);
Insert into EGOV_310_2.COMTNFILEDETAIL (ATCH_FILE_ID,FILE_SN,FILE_STRE_COURS,STRE_FILE_NM,ORIGNL_FILE_NM,FILE_EXTSN,FILE_SIZE) values ('FILE_000000000000121',0,'C:/egovframework/upload/','upfile_202304251119165630','랜드로버 (3).jpg','jpg',10075);
REM INSERTING into EGOV_310_2.COMTNNOTE
SET DEFINE OFF;
Insert into EGOV_310_2.COMTNNOTE (NOTEID,NOTETITLE,NOTECONTENT,ATCHFILE,REGISTERID,NOTEDATE,RECIEVEID,READYN) values ('10023','test','1234',null,'admin',to_date('23/04/18','RR/MM/DD'),'user111',0);
Insert into EGOV_310_2.COMTNNOTE (NOTEID,NOTETITLE,NOTECONTENT,ATCHFILE,REGISTERID,NOTEDATE,RECIEVEID,READYN) values ('10007','test77','test77',null,'admin',to_date('23/04/14','RR/MM/DD'),'user12',0);
Insert into EGOV_310_2.COMTNNOTE (NOTEID,NOTETITLE,NOTECONTENT,ATCHFILE,REGISTERID,NOTEDATE,RECIEVEID,READYN) values ('10008','test77','1234',null,'admin',to_date('23/04/14','RR/MM/DD'),'admin',1);
Insert into EGOV_310_2.COMTNNOTE (NOTEID,NOTETITLE,NOTECONTENT,ATCHFILE,REGISTERID,NOTEDATE,RECIEVEID,READYN) values ('10009','test77','test12',null,'admin',to_date('23/04/14','RR/MM/DD'),'admin',1);
Insert into EGOV_310_2.COMTNNOTE (NOTEID,NOTETITLE,NOTECONTENT,ATCHFILE,REGISTERID,NOTEDATE,RECIEVEID,READYN) values ('10010','test77','test12',null,'admin',to_date('23/04/14','RR/MM/DD'),'admin',0);
Insert into EGOV_310_2.COMTNNOTE (NOTEID,NOTETITLE,NOTECONTENT,ATCHFILE,REGISTERID,NOTEDATE,RECIEVEID,READYN) values ('10011','test','1234',null,'admin',to_date('23/04/14','RR/MM/DD'),'admin',0);
Insert into EGOV_310_2.COMTNNOTE (NOTEID,NOTETITLE,NOTECONTENT,ATCHFILE,REGISTERID,NOTEDATE,RECIEVEID,READYN) values ('10012','test77','1234',null,'admin',to_date('23/04/14','RR/MM/DD'),'admin',0);
Insert into EGOV_310_2.COMTNNOTE (NOTEID,NOTETITLE,NOTECONTENT,ATCHFILE,REGISTERID,NOTEDATE,RECIEVEID,READYN) values ('10013','test','1234',null,'admin',to_date('23/04/14','RR/MM/DD'),'admin',0);
Insert into EGOV_310_2.COMTNNOTE (NOTEID,NOTETITLE,NOTECONTENT,ATCHFILE,REGISTERID,NOTEDATE,RECIEVEID,READYN) values ('10014','test','1234',null,'admin',to_date('23/04/14','RR/MM/DD'),'admin',0);
Insert into EGOV_310_2.COMTNNOTE (NOTEID,NOTETITLE,NOTECONTENT,ATCHFILE,REGISTERID,NOTEDATE,RECIEVEID,READYN) values ('10015','test','1234',null,'admin',to_date('23/04/14','RR/MM/DD'),'admin',1);
Insert into EGOV_310_2.COMTNNOTE (NOTEID,NOTETITLE,NOTECONTENT,ATCHFILE,REGISTERID,NOTEDATE,RECIEVEID,READYN) values ('10016','1234','1234',null,'admin',to_date('23/04/14','RR/MM/DD'),'admin',0);
Insert into EGOV_310_2.COMTNNOTE (NOTEID,NOTETITLE,NOTECONTENT,ATCHFILE,REGISTERID,NOTEDATE,RECIEVEID,READYN) values ('10017','1234','1234',null,'admin',to_date('23/04/14','RR/MM/DD'),'admin',1);
Insert into EGOV_310_2.COMTNNOTE (NOTEID,NOTETITLE,NOTECONTENT,ATCHFILE,REGISTERID,NOTEDATE,RECIEVEID,READYN) values ('10018','test77','1234',null,'admin',to_date('23/04/14','RR/MM/DD'),'admin',0);
Insert into EGOV_310_2.COMTNNOTE (NOTEID,NOTETITLE,NOTECONTENT,ATCHFILE,REGISTERID,NOTEDATE,RECIEVEID,READYN) values ('10019','test77','1234',null,'user12',to_date('23/04/14','RR/MM/DD'),'user12',0);
Insert into EGOV_310_2.COMTNNOTE (NOTEID,NOTETITLE,NOTECONTENT,ATCHFILE,REGISTERID,NOTEDATE,RECIEVEID,READYN) values ('10020','test','test',null,'admin',to_date('23/04/18','RR/MM/DD'),'user00',0);
Insert into EGOV_310_2.COMTNNOTE (NOTEID,NOTETITLE,NOTECONTENT,ATCHFILE,REGISTERID,NOTEDATE,RECIEVEID,READYN) values ('10021','1234','1234',null,'admin',to_date('23/04/18','RR/MM/DD'),'user44',0);
REM INSERTING into EGOV_310_2.FILEDB
SET DEFINE OFF;
REM INSERTING into EGOV_310_2.IDS
SET DEFINE OFF;
Insert into EGOV_310_2.IDS (TABLE_NAME,NEXT_ID) values ('SAMPLE',285);
REM INSERTING into EGOV_310_2.LOGINDB
SET DEFINE OFF;
Insert into EGOV_310_2.LOGINDB (LOGINID,LOGINPW,LOGINNAME,UUID) values ('user11','ZFdOuVtxFKNwstffAmQeWQ%3D%3D','jeon',null);
Insert into EGOV_310_2.LOGINDB (LOGINID,LOGINPW,LOGINNAME,UUID) values ('user111','ZFdOuVtxFKNwstffAmQeWQ%3D%3D','jeon',null);
Insert into EGOV_310_2.LOGINDB (LOGINID,LOGINPW,LOGINNAME,UUID) values ('user22','ZFdOuVtxFKNwstffAmQeWQ%3D%3D','1234',null);
Insert into EGOV_310_2.LOGINDB (LOGINID,LOGINPW,LOGINNAME,UUID) values ('user33','ZFdOuVtxFKNwstffAmQeWQ%3D%3D','jeon',null);
Insert into EGOV_310_2.LOGINDB (LOGINID,LOGINPW,LOGINNAME,UUID) values ('user44','ZFdOuVtxFKNwstffAmQeWQ%3D%3D','1234',null);
Insert into EGOV_310_2.LOGINDB (LOGINID,LOGINPW,LOGINNAME,UUID) values ('user21','j0OOs2E9M6%2B4z1O6WxhEGw%3D%3D','1111',null);
Insert into EGOV_310_2.LOGINDB (LOGINID,LOGINPW,LOGINNAME,UUID) values ('user123','ZFdOuVtxFKNwstffAmQeWQ%3D%3D','1234',null);
Insert into EGOV_310_2.LOGINDB (LOGINID,LOGINPW,LOGINNAME,UUID) values ('admin','ZFdOuVtxFKNwstffAmQeWQ%3D%3D','전',null);
Insert into EGOV_310_2.LOGINDB (LOGINID,LOGINPW,LOGINNAME,UUID) values ('user12','ZFdOuVtxFKNwstffAmQeWQ%3D%3D','user',null);
REM INSERTING into EGOV_310_2.PERSISTENT_LOGINS
SET DEFINE OFF;
REM INSERTING into EGOV_310_2.POLLDB
SET DEFINE OFF;
Insert into EGOV_310_2.POLLDB (POLL_ID,POLL_TITLE,POLL_START_DATE,POLL_END_DATE,POLL_CATEGORY,POLL_ITEM,POLL_CNT,POLL_ENROLL_ID) values ('10004',null,null,null,null,'중도',1,null);
Insert into EGOV_310_2.POLLDB (POLL_ID,POLL_TITLE,POLL_START_DATE,POLL_END_DATE,POLL_CATEGORY,POLL_ITEM,POLL_CNT,POLL_ENROLL_ID) values ('10005',null,null,null,null,'진보',1,null);
Insert into EGOV_310_2.POLLDB (POLL_ID,POLL_TITLE,POLL_START_DATE,POLL_END_DATE,POLL_CATEGORY,POLL_ITEM,POLL_CNT,POLL_ENROLL_ID) values ('10006',null,null,null,null,'보수',1,null);
Insert into EGOV_310_2.POLLDB (POLL_ID,POLL_TITLE,POLL_START_DATE,POLL_END_DATE,POLL_CATEGORY,POLL_ITEM,POLL_CNT,POLL_ENROLL_ID) values ('10007',null,null,null,null,'보수',1,null);
Insert into EGOV_310_2.POLLDB (POLL_ID,POLL_TITLE,POLL_START_DATE,POLL_END_DATE,POLL_CATEGORY,POLL_ITEM,POLL_CNT,POLL_ENROLL_ID) values ('10008',null,null,null,null,'중도',1,null);
Insert into EGOV_310_2.POLLDB (POLL_ID,POLL_TITLE,POLL_START_DATE,POLL_END_DATE,POLL_CATEGORY,POLL_ITEM,POLL_CNT,POLL_ENROLL_ID) values ('10009',null,null,null,null,'보수',1,null);
Insert into EGOV_310_2.POLLDB (POLL_ID,POLL_TITLE,POLL_START_DATE,POLL_END_DATE,POLL_CATEGORY,POLL_ITEM,POLL_CNT,POLL_ENROLL_ID) values ('10010',null,null,null,null,'보수',1,null);
Insert into EGOV_310_2.POLLDB (POLL_ID,POLL_TITLE,POLL_START_DATE,POLL_END_DATE,POLL_CATEGORY,POLL_ITEM,POLL_CNT,POLL_ENROLL_ID) values ('10000',null,null,null,null,'진보',1,null);
Insert into EGOV_310_2.POLLDB (POLL_ID,POLL_TITLE,POLL_START_DATE,POLL_END_DATE,POLL_CATEGORY,POLL_ITEM,POLL_CNT,POLL_ENROLL_ID) values ('10001',null,null,null,null,'중도',1,null);
Insert into EGOV_310_2.POLLDB (POLL_ID,POLL_TITLE,POLL_START_DATE,POLL_END_DATE,POLL_CATEGORY,POLL_ITEM,POLL_CNT,POLL_ENROLL_ID) values ('10002',null,null,null,null,'보수',1,null);
Insert into EGOV_310_2.POLLDB (POLL_ID,POLL_TITLE,POLL_START_DATE,POLL_END_DATE,POLL_CATEGORY,POLL_ITEM,POLL_CNT,POLL_ENROLL_ID) values ('10003',null,null,null,null,'보수',1,null);
REM INSERTING into EGOV_310_2.SAMPLE
SET DEFINE OFF;
Insert into EGOV_310_2.SAMPLE (ID,NAME,DESCRIPTION,USE_YN,REG_USER,FILE_TITLE) values ('sample(or)-00001','Runtime Environment','Foundation Layer','Y','eGov',null);
Insert into EGOV_310_2.SAMPLE (ID,NAME,DESCRIPTION,USE_YN,REG_USER,FILE_TITLE) values ('sample(or)-00002','Runtime Environment','Persistence Layer','Y','eGov',null);
Insert into EGOV_310_2.SAMPLE (ID,NAME,DESCRIPTION,USE_YN,REG_USER,FILE_TITLE) values ('sample(or)-00003','Runtime Environment','Presentation Layer','Y','eGov',null);
Insert into EGOV_310_2.SAMPLE (ID,NAME,DESCRIPTION,USE_YN,REG_USER,FILE_TITLE) values ('sample(or)-00004','Runtime Environment','Business Layer','Y','eGov',null);
Insert into EGOV_310_2.SAMPLE (ID,NAME,DESCRIPTION,USE_YN,REG_USER,FILE_TITLE) values ('sample(or)-00005','Runtime Environment','Batch Layer','Y','eGov',null);
Insert into EGOV_310_2.SAMPLE (ID,NAME,DESCRIPTION,USE_YN,REG_USER,FILE_TITLE) values ('SAMPLE-00275','66','66','Y','66','FILE_000000000000131');
Insert into EGOV_310_2.SAMPLE (ID,NAME,DESCRIPTION,USE_YN,REG_USER,FILE_TITLE) values ('SAMPLE-00116','1234','1234','Y','egov',null);
Insert into EGOV_310_2.SAMPLE (ID,NAME,DESCRIPTION,USE_YN,REG_USER,FILE_TITLE) values ('SAMPLE-00117','1234123','123','Y','egov',null);
Insert into EGOV_310_2.SAMPLE (ID,NAME,DESCRIPTION,USE_YN,REG_USER,FILE_TITLE) values ('SAMPLE-00118','1234123','123','Y','egov',null);
Insert into EGOV_310_2.SAMPLE (ID,NAME,DESCRIPTION,USE_YN,REG_USER,FILE_TITLE) values ('SAMPLE-00119','1234123','123','Y','egov',null);
Insert into EGOV_310_2.SAMPLE (ID,NAME,DESCRIPTION,USE_YN,REG_USER,FILE_TITLE) values ('SAMPLE-00120','1234123','123','Y','egov',null);
Insert into EGOV_310_2.SAMPLE (ID,NAME,DESCRIPTION,USE_YN,REG_USER,FILE_TITLE) values ('SAMPLE-00121','12341231','123','Y','123',null);
Insert into EGOV_310_2.SAMPLE (ID,NAME,DESCRIPTION,USE_YN,REG_USER,FILE_TITLE) values ('SAMPLE-00122','1234123','123','Y','egov',null);
Insert into EGOV_310_2.SAMPLE (ID,NAME,DESCRIPTION,USE_YN,REG_USER,FILE_TITLE) values ('SAMPLE-00225','77','777','Y','7',null);
Insert into EGOV_310_2.SAMPLE (ID,NAME,DESCRIPTION,USE_YN,REG_USER,FILE_TITLE) values ('SAMPLE-00226','6','6','Y','6','FILE_000000000000122');
Insert into EGOV_310_2.SAMPLE (ID,NAME,DESCRIPTION,USE_YN,REG_USER,FILE_TITLE) values ('SAMPLE-00245','77','777','Y','77','FILE_000000000000141');
Insert into EGOV_310_2.SAMPLE (ID,NAME,DESCRIPTION,USE_YN,REG_USER,FILE_TITLE) values ('SAMPLE-00255','55','55','Y','55','FILE_000000000000101');
Insert into EGOV_310_2.SAMPLE (ID,NAME,DESCRIPTION,USE_YN,REG_USER,FILE_TITLE) values ('SAMPLE-00265','777','777','Y','777','FILE_000000000000121');
REM INSERTING into EGOV_310_2.TBL_MEMBER
SET DEFINE OFF;
Insert into EGOV_310_2.TBL_MEMBER (USERID,USERPW,USERNAME,REGDATE,EMAIL,TEL,SNSID) values ('neveraxe@kakao.com','2744686576','전성현',null,'neveraxe@kakao.com',null,'2744686576');
REM INSERTING into EGOV_310_2.TB_USER
SET DEFINE OFF;
Insert into EGOV_310_2.TB_USER (USER_ID,USER_PASSWORD,USER_NAME,USER_AUTHORITY,USER_ENABLED) values ('stage011','1234','kyj','ROLE_USER','1');
Insert into EGOV_310_2.TB_USER (USER_ID,USER_PASSWORD,USER_NAME,USER_AUTHORITY,USER_ENABLED) values ('stage018','1234','kyh','ROLE_GUEST','1');
REM INSERTING into EGOV_310_2.USERCONNECTION
SET DEFINE OFF;
--------------------------------------------------------
--  DDL for Index USERCONNECTIONRANK
--------------------------------------------------------

  CREATE UNIQUE INDEX "EGOV_310_2"."USERCONNECTIONRANK" ON "EGOV_310_2"."USERCONNECTION" ("USERID", "PROVIDERID", "RANK") 
  PCTFREE 10 INITRANS 2 MAXTRANS 255 COMPUTE STATISTICS 
  STORAGE(INITIAL 65536 NEXT 1048576 MINEXTENTS 1 MAXEXTENTS 2147483645
  PCTINCREASE 0 FREELISTS 1 FREELIST GROUPS 1 BUFFER_POOL DEFAULT FLASH_CACHE DEFAULT CELL_FLASH_CACHE DEFAULT)
  TABLESPACE "SYSTEM" ;
--------------------------------------------------------
--  DDL for Index LOGINDB_UK1
--------------------------------------------------------

  CREATE UNIQUE INDEX "EGOV_310_2"."LOGINDB_UK1" ON "EGOV_310_2"."LOGINDB" ("LOGINID") 
  PCTFREE 10 INITRANS 2 MAXTRANS 255 COMPUTE STATISTICS 
  STORAGE(INITIAL 65536 NEXT 1048576 MINEXTENTS 1 MAXEXTENTS 2147483645
  PCTINCREASE 0 FREELISTS 1 FREELIST GROUPS 1 BUFFER_POOL DEFAULT FLASH_CACHE DEFAULT CELL_FLASH_CACHE DEFAULT)
  TABLESPACE "SYSTEM" ;
--------------------------------------------------------
--  Constraints for Table COMTNFILEDETAIL
--------------------------------------------------------

  ALTER TABLE "EGOV_310_2"."COMTNFILEDETAIL" MODIFY ("FILE_EXTSN" NOT NULL ENABLE);
  ALTER TABLE "EGOV_310_2"."COMTNFILEDETAIL" MODIFY ("STRE_FILE_NM" NOT NULL ENABLE);
  ALTER TABLE "EGOV_310_2"."COMTNFILEDETAIL" MODIFY ("FILE_STRE_COURS" NOT NULL ENABLE);
  ALTER TABLE "EGOV_310_2"."COMTNFILEDETAIL" MODIFY ("FILE_SN" NOT NULL ENABLE);
  ALTER TABLE "EGOV_310_2"."COMTNFILEDETAIL" MODIFY ("ATCH_FILE_ID" NOT NULL ENABLE);
--------------------------------------------------------
--  Constraints for Table COMTNNOTE
--------------------------------------------------------

  ALTER TABLE "EGOV_310_2"."COMTNNOTE" MODIFY ("NOTEID" NOT NULL ENABLE);
--------------------------------------------------------
--  Constraints for Table USERCONNECTION
--------------------------------------------------------

  ALTER TABLE "EGOV_310_2"."USERCONNECTION" ADD PRIMARY KEY ("USERID", "PROVIDERID", "PROVIDERUSERID")
  USING INDEX PCTFREE 10 INITRANS 2 MAXTRANS 255 COMPUTE STATISTICS 
  STORAGE(INITIAL 65536 NEXT 1048576 MINEXTENTS 1 MAXEXTENTS 2147483645
  PCTINCREASE 0 FREELISTS 1 FREELIST GROUPS 1 BUFFER_POOL DEFAULT FLASH_CACHE DEFAULT CELL_FLASH_CACHE DEFAULT)
  TABLESPACE "SYSTEM"  ENABLE;
  ALTER TABLE "EGOV_310_2"."USERCONNECTION" MODIFY ("ACCESSTOKEN" NOT NULL ENABLE);
  ALTER TABLE "EGOV_310_2"."USERCONNECTION" MODIFY ("RANK" NOT NULL ENABLE);
  ALTER TABLE "EGOV_310_2"."USERCONNECTION" MODIFY ("PROVIDERID" NOT NULL ENABLE);
  ALTER TABLE "EGOV_310_2"."USERCONNECTION" MODIFY ("USERID" NOT NULL ENABLE);
--------------------------------------------------------
--  Constraints for Table TB_USER
--------------------------------------------------------

  ALTER TABLE "EGOV_310_2"."TB_USER" ADD PRIMARY KEY ("USER_ID")
  USING INDEX PCTFREE 10 INITRANS 2 MAXTRANS 255 COMPUTE STATISTICS 
  STORAGE(INITIAL 65536 NEXT 1048576 MINEXTENTS 1 MAXEXTENTS 2147483645
  PCTINCREASE 0 FREELISTS 1 FREELIST GROUPS 1 BUFFER_POOL DEFAULT FLASH_CACHE DEFAULT CELL_FLASH_CACHE DEFAULT)
  TABLESPACE "SYSTEM"  ENABLE;
  ALTER TABLE "EGOV_310_2"."TB_USER" MODIFY ("USER_ENABLED" NOT NULL ENABLE);
  ALTER TABLE "EGOV_310_2"."TB_USER" MODIFY ("USER_AUTHORITY" NOT NULL ENABLE);
  ALTER TABLE "EGOV_310_2"."TB_USER" MODIFY ("USER_NAME" NOT NULL ENABLE);
  ALTER TABLE "EGOV_310_2"."TB_USER" MODIFY ("USER_PASSWORD" NOT NULL ENABLE);
  ALTER TABLE "EGOV_310_2"."TB_USER" MODIFY ("USER_ID" NOT NULL ENABLE);
--------------------------------------------------------
--  Constraints for Table POLLDB
--------------------------------------------------------

  ALTER TABLE "EGOV_310_2"."POLLDB" MODIFY ("POLL_ID" NOT NULL ENABLE);
--------------------------------------------------------
--  Constraints for Table LOGINDB
--------------------------------------------------------

  ALTER TABLE "EGOV_310_2"."LOGINDB" ADD CONSTRAINT "LOGINDB_UK1" UNIQUE ("LOGINID")
  USING INDEX PCTFREE 10 INITRANS 2 MAXTRANS 255 COMPUTE STATISTICS 
  STORAGE(INITIAL 65536 NEXT 1048576 MINEXTENTS 1 MAXEXTENTS 2147483645
  PCTINCREASE 0 FREELISTS 1 FREELIST GROUPS 1 BUFFER_POOL DEFAULT FLASH_CACHE DEFAULT CELL_FLASH_CACHE DEFAULT)
  TABLESPACE "SYSTEM"  ENABLE;
  ALTER TABLE "EGOV_310_2"."LOGINDB" MODIFY ("LOGINID" NOT NULL ENABLE);
--------------------------------------------------------
--  Constraints for Table COMTNFILE
--------------------------------------------------------

  ALTER TABLE "EGOV_310_2"."COMTNFILE" MODIFY ("CREAT_DT" NOT NULL ENABLE);
  ALTER TABLE "EGOV_310_2"."COMTNFILE" MODIFY ("ATCH_FILE_ID" NOT NULL ENABLE);
--------------------------------------------------------
--  Constraints for Table COMTECOPSEQ
--------------------------------------------------------

  ALTER TABLE "EGOV_310_2"."COMTECOPSEQ" MODIFY ("TABLE_NAME" NOT NULL ENABLE);
--------------------------------------------------------
--  Constraints for Table IDS
--------------------------------------------------------

  ALTER TABLE "EGOV_310_2"."IDS" ADD PRIMARY KEY ("TABLE_NAME")
  USING INDEX PCTFREE 10 INITRANS 2 MAXTRANS 255 COMPUTE STATISTICS 
  STORAGE(INITIAL 65536 NEXT 1048576 MINEXTENTS 1 MAXEXTENTS 2147483645
  PCTINCREASE 0 FREELISTS 1 FREELIST GROUPS 1 BUFFER_POOL DEFAULT FLASH_CACHE DEFAULT CELL_FLASH_CACHE DEFAULT)
  TABLESPACE "SYSTEM"  ENABLE;
  ALTER TABLE "EGOV_310_2"."IDS" MODIFY ("NEXT_ID" NOT NULL ENABLE);
  ALTER TABLE "EGOV_310_2"."IDS" MODIFY ("TABLE_NAME" NOT NULL ENABLE);
--------------------------------------------------------
--  Constraints for Table SAMPLE
--------------------------------------------------------

  ALTER TABLE "EGOV_310_2"."SAMPLE" ADD PRIMARY KEY ("ID")
  USING INDEX PCTFREE 10 INITRANS 2 MAXTRANS 255 COMPUTE STATISTICS 
  STORAGE(INITIAL 65536 NEXT 1048576 MINEXTENTS 1 MAXEXTENTS 2147483645
  PCTINCREASE 0 FREELISTS 1 FREELIST GROUPS 1 BUFFER_POOL DEFAULT FLASH_CACHE DEFAULT CELL_FLASH_CACHE DEFAULT)
  TABLESPACE "SYSTEM"  ENABLE;
  ALTER TABLE "EGOV_310_2"."SAMPLE" MODIFY ("ID" NOT NULL ENABLE);
--------------------------------------------------------
--  Constraints for Table PERSISTENT_LOGINS
--------------------------------------------------------

  ALTER TABLE "EGOV_310_2"."PERSISTENT_LOGINS" ADD PRIMARY KEY ("SERIES")
  USING INDEX PCTFREE 10 INITRANS 2 MAXTRANS 255 COMPUTE STATISTICS 
  STORAGE(INITIAL 65536 NEXT 1048576 MINEXTENTS 1 MAXEXTENTS 2147483645
  PCTINCREASE 0 FREELISTS 1 FREELIST GROUPS 1 BUFFER_POOL DEFAULT FLASH_CACHE DEFAULT CELL_FLASH_CACHE DEFAULT)
  TABLESPACE "SYSTEM"  ENABLE;
  ALTER TABLE "EGOV_310_2"."PERSISTENT_LOGINS" MODIFY ("LAST_USED" NOT NULL ENABLE);
  ALTER TABLE "EGOV_310_2"."PERSISTENT_LOGINS" MODIFY ("TOKEN" NOT NULL ENABLE);
  ALTER TABLE "EGOV_310_2"."PERSISTENT_LOGINS" MODIFY ("SERIES" NOT NULL ENABLE);
  ALTER TABLE "EGOV_310_2"."PERSISTENT_LOGINS" MODIFY ("USERNAME" NOT NULL ENABLE);
--------------------------------------------------------
--  Constraints for Table FILEDB
--------------------------------------------------------

  ALTER TABLE "EGOV_310_2"."FILEDB" MODIFY ("FILE_ID" NOT NULL ENABLE);
